filename,xmin,ymin,xmax,ymax,classid
plain_far_0.png,234,234,278,278,0
plain_far_1.png,234,234,278,278,0
plain_far_2.png,240,234,291,278,0
plain_far_3.png,240,234,291,278,0
plain_far_4.png,234,233,296,279,0
plain_far_5.png,234,233,296,278,0
plain_far_6.png,233,232,290,279,0
plain_far_7.png,233,233,290,279,0
plain_far_8.png,235,232,295,280,0
plain_far_9.png,235,232,295,280,0
plain_far_10.png,241,231,294,281,0
plain_far_11.png,241,231,293,281,0
plain_far_12.png,234,221,278,272,0
plain_far_13.png,234,221,278,272,0
plain_far_14.png,241,221,290,272,0
plain_far_15.png,241,221,290,272,0
plain_far_16.png,236,220,295,272,0
plain_far_17.png,236,220,295,272,0
plain_far_18.png,234,220,296,272,0
plain_far_19.png,234,220,296,272,0
plain_far_20.png,237,219,296,272,0
plain_far_21.png,237,219,296,272,0
plain_far_22.png,242,218,292,271,0
plain_far_23.png,242,219,292,271,0
plain_far_24.png,233,216,279,278,0
plain_far_25.png,233,216,278,278,0
plain_far_26.png,242,216,286,278,0
plain_far_27.png,242,216,286,278,0
plain_far_28.png,241,216,291,278,0
plain_far_29.png,241,216,291,278,0
plain_far_30.png,240,216,292,278,0
plain_far_31.png,240,216,292,278,0
plain_far_32.png,241,217,291,277,0
plain_far_33.png,241,216,291,277,0
plain_far_34.png,241,217,287,277,0
plain_far_35.png,241,217,287,277,0
plain_far_36.png,232,222,279,279,0
plain_far_37.png,233,222,279,279,0
plain_far_38.png,232,217,280,277,0
plain_far_39.png,232,217,280,277,0
plain_far_40.png,225,217,271,277,0
plain_far_41.png,224,217,271,277,0
plain_far_42.png,221,217,271,277,0
plain_far_43.png,221,216,271,277,0
plain_far_44.png,220,216,272,278,0
plain_far_45.png,220,216,272,278,0
plain_far_46.png,222,216,271,278,0
plain_far_47.png,221,216,271,278,0
plain_far_48.png,226,216,270,278,0
plain_far_49.png,226,216,270,278,0
plain_far_50.png,231,218,281,271,0
plain_far_51.png,231,219,281,271,0
plain_far_52.png,220,219,270,271,0
plain_far_53.png,220,219,270,271,0
plain_far_54.png,216,219,275,272,0
plain_far_55.png,216,219,275,272,0
plain_far_56.png,216,220,278,272,0
plain_far_57.png,216,220,278,272,0
plain_far_58.png,217,220,276,272,0
plain_far_59.png,217,221,276,272,0
plain_far_60.png,222,221,271,272,0
plain_far_61.png,222,221,271,272,0
plain_far_62.png,231,231,281,281,0
plain_far_63.png,231,231,281,281,0
plain_far_64.png,218,231,271,281,0
plain_far_65.png,219,231,271,281,0
plain_far_66.png,217,232,277,280,0
plain_far_67.png,217,232,277,280,0
plain_far_68.png,222,233,279,280,0
plain_far_69.png,222,233,279,279,0
plain_far_70.png,216,233,278,279,0
plain_far_71.png,216,234,278,279,0
plain_far_72.png,221,234,272,278,0
plain_far_73.png,221,234,272,278,0
plain_far_74.png,231,241,281,294,0
plain_far_75.png,231,241,281,293,0
plain_far_76.png,220,241,270,294,0
plain_far_77.png,220,241,270,293,0
plain_far_78.png,216,240,275,293,0
plain_far_79.png,216,240,275,293,0
plain_far_80.png,216,240,278,292,0
plain_far_81.png,216,240,278,292,0
plain_far_82.png,217,240,276,292,0
plain_far_83.png,217,240,276,292,0
plain_far_84.png,222,240,271,291,0
plain_far_85.png,222,240,271,291,0
plain_far_86.png,232,235,280,295,0
plain_far_87.png,232,235,280,295,0
plain_far_88.png,225,235,271,295,0
plain_far_89.png,225,235,271,295,0
plain_far_90.png,221,235,271,295,0
plain_far_91.png,221,235,271,296,0
plain_far_92.png,220,234,272,296,0
plain_far_93.png,220,234,272,296,0
plain_far_94.png,221,234,271,296,0
plain_far_95.png,221,234,271,296,0
plain_far_96.png,226,234,270,296,0
plain_far_97.png,226,234,270,296,0
plain_far_98.png,233,233,280,290,0
plain_far_99.png,233,233,279,290,0
plain_far_100.png,233,234,279,296,0
plain_far_101.png,234,234,279,296,0
plain_far_102.png,242,234,286,296,0
plain_far_103.png,242,234,286,296,0
plain_far_104.png,241,234,290,296,0
plain_far_105.png,241,234,291,296,0
plain_far_106.png,240,234,292,296,0
plain_far_107.png,240,234,292,296,0
plain_far_108.png,241,235,291,295,0
plain_far_109.png,241,235,291,296,0
plain_far_110.png,241,235,287,295,0
plain_far_111.png,241,235,288,295,0
plain_far_112.png,234,240,278,291,0
plain_far_113.png,234,240,278,291,0
plain_far_114.png,241,240,290,291,0
plain_far_115.png,241,240,290,291,0
plain_far_116.png,236,240,295,292,0
plain_far_117.png,236,240,295,291,0
plain_far_118.png,234,240,296,292,0
plain_far_119.png,234,240,296,292,0
plain_far_120.png,237,240,296,293,0
plain_far_121.png,237,240,296,293,0
plain_far_122.png,242,241,292,293,0
plain_far_123.png,242,241,292,293,0
