filename,xmin,ymin,xmax,ymax,classid
plain_near_0.png,177,177,335,335,0
plain_near_1.png,178,178,334,334,0
plain_near_2.png,175,174,395,337,0
plain_near_3.png,175,174,394,337,0
plain_near_4.png,153,166,440,346,0
plain_near_5.png,153,165,439,347,0
plain_near_6.png,152,151,444,362,0
plain_near_7.png,152,149,443,363,0
plain_near_8.png,167,130,426,383,0
plain_near_9.png,167,129,426,384,0
plain_near_10.png,194,111,449,400,0
plain_near_11.png,194,110,448,402,0
plain_near_12.png,174,117,337,337,0
plain_near_13.png,174,118,337,337,0
plain_near_14.png,182,113,392,336,0
plain_near_15.png,182,113,392,336,0
plain_near_16.png,162,103,433,331,0
plain_near_17.png,162,103,432,331,0
plain_near_18.png,160,86,449,326,0
plain_near_19.png,160,87,449,326,0
plain_near_20.png,174,71,447,322,0
plain_near_21.png,174,71,448,321,0
plain_near_22.png,198,64,445,319,0
plain_near_23.png,198,65,445,319,0
plain_near_24.png,166,72,346,360,0
plain_near_25.png,165,73,347,360,0
plain_near_26.png,200,72,380,359,0
plain_near_27.png,200,71,381,359,0
plain_near_28.png,188,66,408,356,0
plain_near_29.png,188,66,409,356,0
plain_near_30.png,186,63,426,352,0
plain_near_31.png,186,64,425,352,0
plain_near_32.png,193,66,428,348,0
plain_near_33.png,193,66,429,348,0
plain_near_34.png,177,77,416,346,0
plain_near_35.png,177,77,415,346,0
plain_near_36.png,151,68,362,361,0
plain_near_37.png,149,69,363,361,0
plain_near_38.png,130,86,383,345,0
plain_near_39.png,129,86,384,345,0
plain_near_40.png,96,77,334,346,0
plain_near_41.png,97,77,334,346,0
plain_near_42.png,84,66,319,348,0
plain_near_43.png,83,66,319,348,0
plain_near_44.png,86,63,326,352,0
plain_near_45.png,87,63,326,352,0
plain_near_46.png,103,67,324,356,0
plain_near_47.png,102,67,324,356,0
plain_near_48.png,131,71,312,359,0
plain_near_49.png,130,70,312,359,0
plain_near_50.png,111,63,400,318,0
plain_near_51.png,110,64,402,318,0
plain_near_52.png,67,64,314,319,0
plain_near_53.png,67,64,314,319,0
plain_near_54.png,64,71,338,322,0
plain_near_55.png,64,73,338,321,0
plain_near_56.png,63,86,352,326,0
plain_near_57.png,64,87,352,326,0
plain_near_58.png,79,102,350,331,0
plain_near_59.png,80,102,350,331,0
plain_near_60.png,122,114,330,336,0
plain_near_61.png,121,113,330,336,0
plain_near_62.png,103,103,409,409,0
plain_near_63.png,104,104,408,408,0
plain_near_64.png,63,112,318,401,0
plain_near_65.png,64,110,318,402,0
plain_near_66.png,86,129,345,382,0
plain_near_67.png,86,128,345,383,0
plain_near_68.png,68,150,360,361,0
plain_near_69.png,69,149,360,363,0
plain_near_70.png,72,166,359,346,0
plain_near_71.png,73,165,359,347,0
plain_near_72.png,117,175,337,338,0
plain_near_73.png,118,175,337,338,0
plain_near_74.png,112,194,401,449,0
plain_near_75.png,110,194,402,448,0
plain_near_76.png,67,193,314,448,0
plain_near_77.png,67,193,314,447,0
plain_near_78.png,65,190,338,441,0
plain_near_79.png,64,191,338,441,0
plain_near_80.png,63,186,352,426,0
plain_near_81.png,63,186,352,425,0
plain_near_82.png,79,181,350,409,0
plain_near_83.png,80,181,350,409,0
plain_near_84.png,120,176,330,399,0
plain_near_85.png,120,176,330,399,0
plain_near_86.png,129,167,382,426,0
plain_near_87.png,128,167,383,426,0
plain_near_88.png,96,166,335,435,0
plain_near_89.png,97,166,335,435,0
plain_near_90.png,84,164,319,446,0
plain_near_91.png,83,164,319,446,0
plain_near_92.png,86,160,326,449,0
plain_near_93.png,87,160,326,448,0
plain_near_94.png,104,156,324,446,0
plain_near_95.png,103,156,324,446,0
plain_near_96.png,132,153,312,440,0
plain_near_97.png,131,153,312,441,0
plain_near_98.png,150,151,361,444,0
plain_near_99.png,149,151,363,443,0
plain_near_100.png,166,152,346,440,0
plain_near_101.png,165,152,347,439,0
plain_near_102.png,200,153,381,441,0
plain_near_103.png,200,153,382,442,0
plain_near_104.png,188,156,409,445,0
plain_near_105.png,188,156,410,445,0
plain_near_106.png,186,160,426,449,0
plain_near_107.png,186,160,425,449,0
plain_near_108.png,193,164,428,446,0
plain_near_109.png,193,164,429,446,0
plain_near_110.png,178,166,416,435,0
plain_near_111.png,178,166,415,435,0
plain_near_112.png,175,175,338,395,0
plain_near_113.png,175,175,338,394,0
plain_near_114.png,182,176,390,398,0
plain_near_115.png,182,176,391,399,0
plain_near_116.png,162,181,433,410,0
plain_near_117.png,162,181,432,410,0
plain_near_118.png,160,186,449,426,0
plain_near_119.png,160,186,448,425,0
plain_near_120.png,174,190,448,441,0
plain_near_121.png,174,191,448,439,0
plain_near_122.png,198,193,445,448,0
plain_near_123.png,198,193,445,448,0
